{
  "manifest": {
    "publishingInformation": {
      "locales": {
        "en-US": {
          "summary": "Sample Short Description",
          "examplePhrases": [
            "Alexa open template three",
            "Alexa start template three",
            "Alexa launch template three"
          ],
          "keywords": [
            "keyword1",
            "keyword2",
            "keyword3"
          ],
          "name": "Play Audio",
          "description": "Sample Full Description",
          "smallIconUri": "file://assets/images/en-US_smallIconUri.png",
          "largeIconUri": "file://assets/images/en-US_largeIconUri.png"
        }
      },
      "automaticDistribution": {
        "isActive": false
      },
      "isAvailableWorldwide": true,
      "testingInstructions": "No special instructions.",
      "category": "EDUCATION_AND_REFERENCE",
      "distributionCountries": []
    },
    "apis": {
      "custom": {
        "endpoint": {
          "uri": "arn:aws:lambda:us-west-2:487350813267:function:32abb2bf-9213-44ba-b241-11526a76fb1c:Release_0"
        },
        "interfaces": [
          {
            "type": "AUDIO_PLAYER"
          }
        ],
        "locales": {},
        "regions": {
          "EU": {
            "endpoint": {
              "uri": "arn:aws:lambda:eu-west-1:487350813267:function:32abb2bf-9213-44ba-b241-11526a76fb1c:Release_0"
            }
          },
          "NA": {
            "endpoint": {
              "uri": "arn:aws:lambda:us-east-1:487350813267:function:32abb2bf-9213-44ba-b241-11526a76fb1c:Release_0"
            }
          },
          "FE": {
            "endpoint": {
              "uri": "arn:aws:lambda:us-west-2:487350813267:function:32abb2bf-9213-44ba-b241-11526a76fb1c:Release_0"
            }
          }
        }
      }
    },
    "manifestVersion": "1.0",
    "privacyAndCompliance": {
      "allowsPurchases": false,
      "locales": {
        "en-US": {
          "termsOfUseUrl": "http://dabblelab.com/terms",
          "privacyPolicyUrl": "http://dabblelab.com/privacy"
        },
        "en-CA": {
          "termsOfUseUrl": "http://dabblelab.com/terms",
          "privacyPolicyUrl": "http://dabblelab.com/privacy"
        },
        "en-IN": {
          "termsOfUseUrl": "http://dabblelab.com/terms",
          "privacyPolicyUrl": "http://dabblelab.com/privacy"
        },
        "en-AU": {
          "termsOfUseUrl": "http://dabblelab.com/terms",
          "privacyPolicyUrl": "http://dabblelab.com/privacy"
        },
        "en-GB": {
          "termsOfUseUrl": "http://dabblelab.com/terms",
          "privacyPolicyUrl": "http://dabblelab.com/privacy"
        }
      },
      "containsAds": false,
      "isExportCompliant": true,
      "isChildDirected": false,
      "usesPersonalInfo": false
    }
  }
}